-- phpMyAdmin SQL Dump
-- version 3.5.1
-- http://www.phpmyadmin.net
--
-- Host: localhost
-- Generation Time: Mar 17, 2013 at 04:19 PM
-- Server version: 5.5.24-log
-- PHP Version: 5.4.3

SET SQL_MODE="NO_AUTO_VALUE_ON_ZERO";
SET time_zone = "+00:00";


/*!40101 SET @OLD_CHARACTER_SET_CLIENT=@@CHARACTER_SET_CLIENT */;
/*!40101 SET @OLD_CHARACTER_SET_RESULTS=@@CHARACTER_SET_RESULTS */;
/*!40101 SET @OLD_COLLATION_CONNECTION=@@COLLATION_CONNECTION */;
/*!40101 SET NAMES utf8 */;

--
-- Database: `aac`
--

-- --------------------------------------------------------

--
-- Table structure for table `health_tips`
--

CREATE TABLE IF NOT EXISTS `health_tips` (
  `id` int(11) NOT NULL AUTO_INCREMENT,
  `tips_title` varchar(200) DEFAULT NULL,
  `tip_body` text,
  `categories_id` int(11) NOT NULL,
  PRIMARY KEY (`id`,`categories_id`),
  KEY `fk_health_tips_health_tip_categories_idx` (`categories_id`)
) ENGINE=InnoDB  DEFAULT CHARSET=utf8 AUTO_INCREMENT=3 ;

--
-- Dumping data for table `health_tips`
--

INSERT INTO `health_tips` (`id`, `tips_title`, `tip_body`, `categories_id`) VALUES
(1, 'Healthy Proteins Tips', 'Beans are now listed in the "meat group" because they are packed with protein.\r\nChoose lean meats such as chicken breast, lean ham or roast beef.\r\nGo lean with protein with a handful of nuts.\r\nSalmon has omega 3 heart healthy fat.\r\nChoose lean meats such as chicken breast, lean ham or roast beef, instead of salami or bacon.\r\nIf your 4 year old gets 4 tablespoons of protein, he has met his daily protein needs.\r\nLean cuts of beef have the words, “round” or “loin” in the name.\r\nChoose lean-meats and fat-free hot dogs on whole grain buns.\r\nTry hummus or bean spread as a dip for veggies.\r\nNuts are a great source of protein and healthy oils.\r\nGive your family oils from fish, nuts, and liquid oils such as corn, soybean, canola, and olive oil.', 1),
(2, 'Lower your risk of falling', '	 Help keep your bones strong by taking \r\ncalcium and vitamin D every day. Most older \r\nadults absorb calcium citrate better than \r\ncalcium carbonate, so read the labels on the \r\ncalcium bottles carefully. Ask your healthcare \r\nprovider how much calcium and vitamin D \r\nyou should take. .	 If you don’t exercise regularly, start. Just be \r\nsure to talk with your healthcare provider \r\nfirst, so he or she can help you come up with \r\nan exercise plan that’s right for you. Walking \r\nis an ideal aerobic (“heart healthy”) exercise; \r\ngradually increase the amount of time you \r\nspend walking, aiming for at least 20–30 \r\nminutes a day. In addition to walking, or doing \r\nother aerobic exercises like cycling, lift weights \r\nto help strengthen your muscles—and help \r\nprotect your bones. Learn to do yoga or tai chi, \r\nwhich can improve your balance and make \r\nyou less likely to fall. Many local senior centers \r\nand Y’s offer exercise, yoga and tai chi classes.  .	 If you’ve already had a fall, be sure to ask your \r\nhealthcare provider about exercise programs \r\nin your community that include not only \r\nstrength training and balance exercises but \r\nalso flexibility, and stretching exercises. These \r\ncan also help lower your risk of falls. .	 Get an eye check-up. Make sure your vision \r\nis good and your eyeglasses are right for you. \r\nMany falls happen when you do not see well.', 2);

-- --------------------------------------------------------

--
-- Table structure for table `health_tip_categories`
--

CREATE TABLE IF NOT EXISTS `health_tip_categories` (
  `id` int(11) NOT NULL AUTO_INCREMENT,
  `category_title` varchar(200) DEFAULT NULL,
  PRIMARY KEY (`id`)
) ENGINE=InnoDB  DEFAULT CHARSET=utf8 AUTO_INCREMENT=3 ;

--
-- Dumping data for table `health_tip_categories`
--

INSERT INTO `health_tip_categories` (`id`, `category_title`) VALUES
(1, 'Nutrition'),
(2, 'Aging');

-- --------------------------------------------------------

--
-- Table structure for table `laravel_migrations`
--

CREATE TABLE IF NOT EXISTS `laravel_migrations` (
  `bundle` varchar(50) NOT NULL,
  `name` varchar(200) NOT NULL,
  `batch` int(11) NOT NULL,
  PRIMARY KEY (`bundle`,`name`)
) ENGINE=InnoDB DEFAULT CHARSET=utf8;

-- --------------------------------------------------------

--
-- Table structure for table `local_government`
--

CREATE TABLE IF NOT EXISTS `local_government` (
  `id` int(11) NOT NULL AUTO_INCREMENT,
  `lg_name` varchar(100) DEFAULT NULL,
  `states_id` int(11) NOT NULL,
  PRIMARY KEY (`id`,`states_id`),
  KEY `fk_local_government_states1_idx` (`states_id`)
) ENGINE=InnoDB  DEFAULT CHARSET=utf8 AUTO_INCREMENT=770 ;

--
-- Dumping data for table `local_government`
--

INSERT INTO `local_government` (`id`, `lg_name`, `states_id`) VALUES
(1, 'Aba North ', 1),
(2, 'Aba South ', 1),
(3, 'Arochukwu ', 1),
(4, ' Bende ', 1),
(5, ' Ikwuano ', 1),
(6, ' Isiala-Ngwa North ', 1),
(7, ' Isiala-Ngwa South ', 1),
(8, ' Isuikwato ', 1),
(9, ' Obi Nwa ', 1),
(10, ' Ohafia ', 1),
(11, ' Osisioma ', 1),
(12, ' Ngwa ', 1),
(13, ' Ugwunagbo ', 1),
(14, ' Ukwa East ', 1),
(15, ' Ukwa West ', 1),
(16, ' Umuahia North ', 1),
(17, ' Umuahia South ', 1),
(18, ' Umu-Neochi', 1),
(19, 'Demsa ', 2),
(20, 'Fufore ', 2),
(21, 'Ganaye ', 2),
(22, 'Gireri ', 2),
(23, 'Gombi ', 2),
(24, 'Guyuk ', 2),
(25, 'Hong ', 2),
(26, 'Jada ', 2),
(27, 'Lamurde ', 2),
(28, 'Madagali ', 2),
(29, 'Maiha  ', 2),
(30, 'Mayo-Belwa ', 2),
(31, 'Michika ', 2),
(32, 'Mubi North ', 2),
(33, 'Mubi South ', 2),
(34, 'Numan ', 2),
(35, 'Shelleng ', 2),
(36, 'Song ', 2),
(37, 'Toungo ', 2),
(38, 'Yola North ', 2),
(39, 'Yola South', 2),
(40, 'Abak ', 3),
(41, 'Eastern Obolo ', 3),
(42, 'Eket ', 3),
(43, 'Esit Eket ', 3),
(44, 'Essien Udim ', 3),
(45, 'Etim Ekpo ', 3),
(46, 'Etinan ', 3),
(47, 'Ibeno ', 3),
(48, 'Ibesikpo Asutan ', 3),
(49, 'Ibiono Ibom ', 3),
(50, 'Ika ', 3),
(51, 'Ikono ', 3),
(52, 'Ikot Abasi ', 3),
(53, 'Ikot Ekpene ', 3),
(54, 'Ini ', 3),
(55, 'Itu ', 3),
(56, 'Mbo ', 3),
(57, 'Mkpat Enin ', 3),
(58, 'Nsit Atai ', 3),
(59, 'Nsit Ibom ', 3),
(60, 'Nsit Ubium ', 3),
(61, 'Obot Akara ', 3),
(62, 'Okobo ', 3),
(63, 'Onna ', 3),
(64, 'Oron  ', 3),
(65, 'Oruk Anam ', 3),
(66, 'Udung Uko ', 3),
(67, 'Ukanafun ', 3),
(68, 'Uruan ', 3),
(69, 'Urue-Offong/Oruko ', 3),
(70, 'Uyo', 3),
(71, 'Aguata ', 4),
(72, 'Anambra East ', 4),
(73, 'Anambra West ', 4),
(74, 'Anaocha ', 4),
(75, 'Awka North ', 4),
(76, 'Awka South ', 4),
(77, 'Ayamelum ', 4),
(78, 'Dunukofia ', 4),
(79, 'Ekwusigo ', 4),
(80, 'Idemili North ', 4),
(81, 'Idemili south ', 4),
(82, 'Ihiala ', 4),
(83, 'Njikoka ', 4),
(84, 'Nnewi North ', 4),
(85, 'Nnewi South ', 4),
(86, 'Ogbaru ', 4),
(87, 'Onitsha North ', 4),
(88, 'Onitsha South ', 4),
(89, 'Orumba North ', 4),
(90, 'Orumba South ', 4),
(91, 'Oyi ', 4),
(92, 'Alkaleri ', 5),
(93, 'Bauchi ', 5),
(94, 'Bogoro ', 5),
(95, 'Damban ', 5),
(96, 'Darazo ', 5),
(97, 'Dass ', 5),
(98, 'Ganjuwa ', 5),
(99, 'Giade ', 5),
(100, 'Itas/Gadau ', 5),
(101, 'Jama''are ', 5),
(102, 'Katagum ', 5),
(103, 'Kirfi ', 5),
(104, 'Misau ', 5),
(105, 'Ningi ', 5),
(106, 'Shira ', 5),
(107, 'Tafawa-Balewa ', 5),
(108, 'Toro ', 5),
(109, 'Warji ', 5),
(110, 'Zaki ', 5),
(111, 'Brass ', 6),
(112, 'Ekeremor ', 6),
(113, 'Kolokuma/Opokuma ', 6),
(114, 'Nembe ', 6),
(115, 'Ogbia ', 6),
(116, 'Sagbama ', 6),
(117, 'Southern Jaw ', 6),
(118, 'Yenegoa ', 6),
(119, 'Ado ', 7),
(120, 'Agatu ', 7),
(121, 'Apa ', 7),
(122, 'Buruku ', 7),
(123, 'Gboko ', 7),
(124, 'Guma ', 7),
(125, 'Gwer East ', 7),
(126, 'Gwer West ', 7),
(127, 'Katsina-Ala ', 7),
(128, 'Konshisha ', 7),
(129, 'Kwande ', 7),
(130, 'Logo ', 7),
(131, 'Makurdi ', 7),
(132, 'Obi ', 7),
(133, 'Ogbadibo ', 7),
(134, 'Oju ', 7),
(135, 'Okpokwu ', 7),
(136, 'Ohimini ', 7),
(137, 'Oturkpo ', 7),
(138, 'Tarka ', 7),
(139, 'Ukum ', 7),
(140, 'Ushongo ', 7),
(141, 'Vandeikya ', 7),
(142, ' Abadam ', 8),
(143, 'Askira/Uba ', 8),
(144, 'Bama ', 8),
(145, 'Bayo ', 8),
(146, 'Biu ', 8),
(147, 'Chibok ', 8),
(148, 'Damboa ', 8),
(149, 'Dikwa ', 8),
(150, 'Gubio ', 8),
(151, 'Guzamala ', 8),
(152, 'Gwoza ', 8),
(153, 'Hawul ', 8),
(154, 'Jere ', 8),
(155, 'Kaga ', 8),
(156, 'Kala/Balge ', 8),
(157, 'Konduga ', 8),
(158, 'Kukawa ', 8),
(159, 'Kwaya Kusar ', 8),
(160, 'Mafa ', 8),
(161, 'Magumeri ', 8),
(162, 'Maiduguri ', 8),
(163, 'Marte ', 8),
(164, 'Mobbar ', 8),
(165, 'Monguno ', 8),
(166, 'Ngala ', 8),
(167, 'Nganzai ', 8),
(168, 'Shani ', 8),
(169, 'Akpabuyo ', 9),
(170, 'Odukpani ', 9),
(171, 'Akamkpa ', 9),
(172, 'Biase ', 9),
(173, 'Abi ', 9),
(174, 'Ikom ', 9),
(175, 'Yarkur ', 9),
(176, 'Odubra ', 9),
(177, 'Boki ', 9),
(178, 'Ogoja ', 9),
(179, 'Yala ', 9),
(180, 'Obanliku ', 9),
(181, 'Obudu ', 9),
(182, 'Calabar South ', 9),
(183, 'Etung ', 9),
(184, 'Bekwara ', 9),
(185, 'Bakassi ', 9),
(186, 'Calabar Municipality', 9),
(187, 'Oshimili ', 10),
(188, 'Aniocha ', 10),
(189, 'Aniocha South ', 10),
(190, 'Ika South ', 10),
(191, 'Ika North-East ', 10),
(192, 'Ndokwa West ', 10),
(193, 'Ndokwa East ', 10),
(194, 'Isoko south ', 10),
(195, 'Isoko North ', 10),
(196, 'Bomadi ', 10),
(197, 'Burutu ', 10),
(198, 'Ughelli South ', 10),
(199, 'Ughelli North ', 10),
(200, 'Ethiope West ', 10),
(201, 'Ethiope East ', 10),
(202, 'Sapele ', 10),
(203, 'Okpe ', 10),
(204, 'Warri North ', 10),
(205, 'Warri South ', 10),
(206, 'Uvwie ', 10),
(207, 'Udu ', 10),
(208, 'Warri Central ', 10),
(209, 'Ukwani ', 10),
(210, 'Oshimili North ', 10),
(211, 'Patani', 10),
(212, 'Afikpo South ', 11),
(213, 'Afikpo North ', 11),
(214, 'Onicha ', 11),
(215, 'Ohaozara ', 11),
(216, 'Abakaliki ', 11),
(217, 'Ishielu ', 11),
(218, 'lkwo ', 11),
(219, 'Ezza ', 11),
(220, 'Ezza South ', 11),
(221, 'Ohaukwu ', 11),
(222, 'Ebonyi ', 11),
(223, 'Ivo ', 11),
(224, 'Esan North-East ', 12),
(225, 'Esan Central ', 12),
(226, 'Esan West ', 12),
(227, 'Egor ', 12),
(228, 'Ukpoba ', 12),
(229, 'Central ', 12),
(230, 'Etsako Central ', 12),
(231, 'Igueben ', 12),
(232, 'Oredo ', 12),
(233, 'Ovia SouthWest ', 12),
(234, 'Ovia South-East ', 12),
(235, 'Orhionwon ', 12),
(236, 'Uhunmwonde ', 12),
(237, 'Etsako East  ', 12),
(238, 'Esan South-East ', 12),
(239, 'Ado ', 13),
(240, 'Ekiti-East ', 13),
(241, 'Ekiti-West  ', 13),
(242, 'Emure/Ise/Orun ', 13),
(243, 'Ekiti South-West ', 13),
(244, 'Ikare ', 13),
(245, 'Irepodun ', 13),
(246, 'Ijero,  ', 13),
(247, 'Ido/Osi ', 13),
(248, 'Oye ', 13),
(249, 'Ikole ', 13),
(250, 'Moba ', 13),
(251, 'Gbonyin ', 13),
(252, 'Efon ', 13),
(253, 'Ise/Orun  ', 13),
(254, 'Ilejemeje.', 13),
(255, 'Enugu South,  ', 14),
(256, 'Igbo-Eze South ', 14),
(257, 'Enugu North ', 14),
(258, 'Nkanu ', 14),
(259, 'Udi Agwu ', 14),
(260, 'Oji-River ', 14),
(261, 'Ezeagu ', 14),
(262, 'IgboEze North ', 14),
(263, 'Isi-Uzo ', 14),
(264, 'Nsukka ', 14),
(265, 'Igbo-Ekiti ', 14),
(266, 'Uzo-Uwani ', 14),
(267, 'Enugu Eas ', 14),
(268, 'Aninri ', 14),
(269, 'Nkanu East ', 14),
(270, 'Udenu. ', 14),
(271, 'Akko ', 15),
(272, 'Balanga ', 15),
(273, 'Billiri ', 15),
(274, 'Dukku ', 15),
(275, 'Kaltungo ', 15),
(276, 'Kwami ', 15),
(277, 'Shomgom ', 15),
(278, 'Funakaye ', 15),
(279, 'Gombe ', 15),
(280, 'Nafada/Bajoga  ', 15),
(281, 'Yamaltu/Delta. ', 15),
(282, 'Aboh-Mbaise ', 16),
(283, 'Ahiazu-Mbaise ', 16),
(284, 'Ehime-Mbano ', 16),
(285, 'Ezinihitte ', 16),
(286, 'Ideato North ', 16),
(287, 'Ideato South ', 16),
(288, 'Ihitte/Uboma ', 16),
(289, 'Ikeduru ', 16),
(290, 'Isiala Mbano ', 16),
(291, 'Isu ', 16),
(292, 'Mbaitoli ', 16),
(293, 'Mbaitoli ', 16),
(294, 'Ngor-Okpala ', 16),
(295, 'Njaba ', 16),
(296, 'Nwangele ', 16),
(297, 'Nkwerre ', 16),
(298, 'Obowo ', 16),
(299, 'Oguta ', 16),
(300, 'Ohaji/Egbema ', 16),
(301, 'Okigwe ', 16),
(302, 'Orlu ', 16),
(303, 'Orsu ', 16),
(304, 'Oru East ', 16),
(305, 'Oru West ', 16),
(306, 'Owerri-Municipal ', 16),
(307, 'Owerri North ', 16),
(308, 'Owerri West ', 16),
(309, 'Auyo ', 17),
(310, 'Babura ', 17),
(311, 'Birni Kudu ', 17),
(312, 'Biriniwa ', 17),
(313, 'Buji ', 17),
(314, 'Dutse ', 17),
(315, 'Gagarawa ', 17),
(316, 'Garki ', 17),
(317, 'Gumel ', 17),
(318, 'Guri ', 17),
(319, 'Gwaram ', 17),
(320, 'Gwiwa ', 17),
(321, 'Hadejia ', 17),
(322, 'Jahun ', 17),
(323, 'Kafin Hausa ', 17),
(324, 'Kaugama Kazaure ', 17),
(325, 'Kiri Kasamma ', 17),
(326, 'Kiyawa ', 17),
(327, 'Maigatari ', 17),
(328, 'Malam Madori ', 17),
(329, 'Miga ', 17),
(330, 'Ringim ', 17),
(331, 'Roni ', 17),
(332, 'Sule-Tankarkar ', 17),
(333, 'Taura  ', 17),
(334, 'Yankwashi ', 17),
(335, 'Birni-Gwari ', 18),
(336, 'Chikun ', 18),
(337, 'Giwa ', 18),
(338, 'Igabi ', 18),
(339, 'Ikara ', 18),
(340, 'jaba ', 18),
(341, 'Jema''a ', 18),
(342, 'Kachia ', 18),
(343, 'Kaduna North ', 18),
(344, 'Kaduna South ', 18),
(345, 'Kagarko ', 18),
(346, 'Kajuru ', 18),
(347, 'Kaura ', 18),
(348, 'Kauru ', 18),
(349, 'Kubau ', 18),
(350, 'Kudan ', 18),
(351, 'Lere ', 18),
(352, 'Makarfi ', 18),
(353, 'Sabon-Gari ', 18),
(354, 'Sanga ', 18),
(355, 'Soba ', 18),
(356, 'Zango-Kataf ', 18),
(357, 'Zaria ', 18),
(358, 'Ajingi ', 19),
(359, 'Albasu ', 19),
(360, 'Bagwai ', 19),
(361, 'Bebeji ', 19),
(362, 'Bichi ', 19),
(363, 'Bunkure ', 19),
(364, 'Dala ', 19),
(365, 'Dambatta ', 19),
(366, 'Dawakin Kudu ', 19),
(367, 'Dawakin Tofa ', 19),
(368, 'Doguwa ', 19),
(369, 'Fagge ', 19),
(370, 'Gabasawa ', 19),
(371, 'Garko ', 19),
(372, 'Garum ', 19),
(373, 'Mallam ', 19),
(374, 'Gaya ', 19),
(375, 'Gezawa ', 19),
(376, 'Gwale ', 19),
(377, 'Gwarzo ', 19),
(378, 'Kabo ', 19),
(379, 'Kano Municipal ', 19),
(380, 'Karaye ', 19),
(381, 'Kibiya ', 19),
(382, 'Kiru ', 19),
(383, 'kumbotso ', 19),
(384, 'Kunchi ', 19),
(385, 'Kura ', 19),
(386, 'Madobi ', 19),
(387, 'Makoda ', 19),
(388, 'Minjibir ', 19),
(389, 'Nasarawa ', 19),
(390, 'Rano ', 19),
(391, 'Rimin Gado ', 19),
(392, 'Rogo ', 19),
(393, 'Shanono ', 19),
(394, 'Sumaila ', 19),
(395, 'Takali ', 19),
(396, 'Tarauni ', 19),
(397, 'Tofa ', 19),
(398, 'Tsanyawa ', 19),
(399, 'Tudun Wada ', 19),
(400, 'Ungogo ', 19),
(401, 'Warawa ', 19),
(402, 'Wudil', 19),
(403, 'Bakori ', 20),
(404, 'Batagarawa ', 20),
(405, 'Batsari ', 20),
(406, 'Baure ', 20),
(407, 'Bindawa ', 20),
(408, 'Charanchi ', 20),
(409, 'Dandume ', 20),
(410, 'Danja ', 20),
(411, 'Dan Musa ', 20),
(412, 'Daura ', 20),
(413, 'Dutsi ', 20),
(414, 'Dutsin-Ma ', 20),
(415, 'Faskari ', 20),
(416, 'Funtua ', 20),
(417, 'Ingawa ', 20),
(418, 'Jibia ', 20),
(419, 'Kafur ', 20),
(420, 'Kaita ', 20),
(421, 'Kankara ', 20),
(422, 'Kankia ', 20),
(423, 'Katsina ', 20),
(424, 'Kurfi ', 20),
(425, 'Kusada ', 20),
(426, 'Mai''Adua ', 20),
(427, 'Malumfashi ', 20),
(428, 'Mani ', 20),
(429, 'Mashi ', 20),
(430, 'Matazuu ', 20),
(431, 'Musawa ', 20),
(432, 'Rimi ', 20),
(433, 'Sabuwa ', 20),
(434, 'Safana ', 20),
(435, 'Sandamu ', 20),
(436, 'Zango ', 20),
(437, 'Aleiro ', 21),
(438, 'Arewa-Dandi ', 21),
(439, 'Argungu ', 21),
(440, 'Augie ', 21),
(441, 'Bagudo ', 21),
(442, 'Birnin Kebbi ', 21),
(443, 'Bunza ', 21),
(444, 'Dandi  ', 21),
(445, 'Fakai ', 21),
(446, 'Gwandu ', 21),
(447, 'Jega ', 21),
(448, 'Kalgo  ', 21),
(449, 'Koko/Besse ', 21),
(450, 'Maiyama ', 21),
(451, 'Ngaski ', 21),
(452, 'Sakaba ', 21),
(453, 'Shanga ', 21),
(454, 'Suru ', 21),
(455, 'Wasagu/Danko ', 21),
(456, 'Yauri ', 21),
(457, 'Zuru ', 21),
(458, 'Adavi ', 22),
(459, 'Ajaokuta ', 22),
(460, 'Ankpa ', 22),
(461, 'Bassa ', 22),
(462, 'Dekina ', 22),
(463, 'Ibaji ', 22),
(464, 'Idah ', 22),
(465, 'Igalamela-Odolu ', 22),
(466, 'Ijumu ', 22),
(467, 'Kabba/Bunu ', 22),
(468, 'Kogi ', 22),
(469, 'Lokoja ', 22),
(470, 'Mopa-Muro ', 22),
(471, 'Ofu ', 22),
(472, 'Ogori/Mangongo ', 22),
(473, 'Okehi ', 22),
(474, 'Okene ', 22),
(475, 'Olamabolo ', 22),
(476, 'Omala ', 22),
(477, 'Yagba East  ', 22),
(478, 'Yagba West', 22),
(479, 'Asa ', 23),
(480, 'Baruten ', 23),
(481, 'Edu ', 23),
(482, 'Ekiti ', 23),
(483, 'Ifelodun ', 23),
(484, 'Ilorin East ', 23),
(485, 'Ilorin West ', 23),
(486, 'Irepodun ', 23),
(487, 'Isin ', 23),
(488, 'Kaiama ', 23),
(489, 'Moro ', 23),
(490, 'Offa ', 23),
(491, 'Oke-Ero ', 23),
(492, 'Oyun ', 23),
(493, 'Pategi ', 23),
(494, 'Agege ', 24),
(495, 'Ajeromi-Ifelodun ', 24),
(496, 'Alimosho ', 24),
(497, 'Amuwo-Odofin ', 24),
(498, 'Apapa ', 24),
(499, 'Badagry ', 24),
(500, 'Epe ', 24),
(501, 'Eti-Osa ', 24),
(502, 'Ibeju/Lekki ', 24),
(503, 'Ifako-Ijaye  ', 24),
(504, 'Ikeja ', 24),
(505, 'Ikorodu ', 24),
(506, 'Kosofe ', 24),
(507, 'Lagos Island ', 24),
(508, 'Lagos Mainland ', 24),
(509, 'Mushin ', 24),
(510, 'Ojo ', 24),
(511, 'Oshodi-Isolo ', 24),
(512, 'Shomolu ', 24),
(513, 'Surulere', 24),
(514, 'Akwanga ', 25),
(515, 'Awe ', 25),
(516, 'Doma ', 25),
(517, 'Karu ', 25),
(518, 'Keana ', 25),
(519, 'Keffi ', 25),
(520, 'Kokona ', 25),
(521, 'Lafia ', 25),
(522, 'Nasarawa ', 25),
(523, 'Nasarawa-Eggon ', 25),
(524, 'Obi ', 25),
(525, 'Toto ', 25),
(526, 'Wamba ', 25),
(527, 'Agaie ', 26),
(528, 'Agwara ', 26),
(529, 'Bida ', 26),
(530, 'Borgu ', 26),
(531, 'Bosso ', 26),
(532, 'Chanchaga ', 26),
(533, 'Edati ', 26),
(534, 'Gbako ', 26),
(535, 'Gurara ', 26),
(536, 'Katcha ', 26),
(537, 'Kontagora  ', 26),
(538, 'Lapai ', 26),
(539, 'Lavun ', 26),
(540, 'Magama ', 26),
(541, 'Mariga ', 26),
(542, 'Mashegu ', 26),
(543, 'Mokwa ', 26),
(544, 'Muya ', 26),
(545, 'Pailoro ', 26),
(546, 'Rafi ', 26),
(547, 'Rijau ', 26),
(548, 'Shiroro ', 26),
(549, 'Suleja ', 26),
(550, 'Tafa ', 26),
(551, 'Wushishi', 26),
(552, 'Abeokuta North ', 27),
(553, 'Abeokuta South ', 27),
(554, 'Ado-Odo/Ota ', 27),
(555, 'Egbado North ', 27),
(556, 'Egbado South ', 27),
(557, 'Ewekoro ', 27),
(558, 'Ifo ', 27),
(559, 'Ijebu East ', 27),
(560, 'Ijebu North ', 27),
(561, 'Ijebu North East ', 27),
(562, 'Ijebu Ode ', 27),
(563, 'Ikenne ', 27),
(564, 'Imeko-Afon ', 27),
(565, 'Ipokia ', 27),
(566, 'Obafemi-Owode ', 27),
(567, 'Ogun Waterside ', 27),
(568, 'Odeda ', 27),
(569, 'Odogbolu ', 27),
(570, 'Remo North ', 27),
(571, 'Shagamu', 27),
(572, 'Akoko North East ', 28),
(573, 'Akoko North West ', 28),
(574, 'Akoko South Akure East ', 28),
(575, 'Akoko South West ', 28),
(576, 'Akure North ', 28),
(577, 'Akure South ', 28),
(578, 'Ese-Odo ', 28),
(579, 'Idanre ', 28),
(580, 'Ifedore ', 28),
(581, 'Ilaje ', 28),
(582, 'Ile-Oluji ', 28),
(583, 'Okeigbo ', 28),
(584, 'Irele ', 28),
(585, 'Odigbo ', 28),
(586, 'Okitipupa ', 28),
(587, 'Ondo East ', 28),
(588, 'Ondo West ', 28),
(589, 'Ose ', 28),
(590, 'Owo ', 28),
(591, 'Aiyedade ', 29),
(592, 'Aiyedire ', 29),
(593, 'Atakumosa East ', 29),
(594, 'Atakumosa West ', 29),
(595, 'Boluwaduro ', 29),
(596, 'Boripe ', 29),
(597, 'Ede North ', 29),
(598, 'Ede South ', 29),
(599, 'Egbedore ', 29),
(600, 'Ejigbo ', 29),
(601, 'Ife Central ', 29),
(602, 'Ife East ', 29),
(603, 'Ife North ', 29),
(604, 'Ife South ', 29),
(605, 'Ifedayo ', 29),
(606, 'Ifelodun ', 29),
(607, 'Ila ', 29),
(608, 'Ilesha East ', 29),
(609, 'Ilesha West ', 29),
(610, 'Irepodun ', 29),
(611, 'Irewole ', 29),
(612, 'Isokan ', 29),
(613, 'Iwo ', 29),
(614, 'Obokun ', 29),
(615, 'Odo-Otin ', 29),
(616, 'Ola-Oluwa ', 29),
(617, 'Olorunda ', 29),
(618, 'Oriade ', 29),
(619, 'Orolu ', 29),
(620, 'Osogbo', 29),
(621, 'Afijio ', 30),
(622, 'Akinyele ', 30),
(623, 'Atiba ', 30),
(624, 'Atigbo ', 30),
(625, 'Egbeda ', 30),
(626, 'IbadanCentral ', 30),
(627, 'Ibadan North ', 30),
(628, 'Ibadan North West ', 30),
(629, 'Ibadan South East ', 30),
(630, 'Ibadan South West ', 30),
(631, 'Ibarapa Central ', 30),
(632, 'Ibarapa East ', 30),
(633, 'Ibarapa North ', 30),
(634, 'Ido ', 30),
(635, 'Irepo ', 30),
(636, 'Iseyin ', 30),
(637, 'Itesiwaju ', 30),
(638, 'Iwajowa ', 30),
(639, 'Kajola ', 30),
(640, 'Lagelu Ogbomosho North ', 30),
(641, 'Ogbmosho South ', 30),
(642, 'Ogo Oluwa ', 30),
(643, 'Olorunsogo ', 30),
(644, 'Oluyole ', 30),
(645, 'Ona-Ara ', 30),
(646, 'Orelope ', 30),
(647, 'Ori Ire ', 30),
(648, 'Oyo East ', 30),
(649, 'Oyo West ', 30),
(650, 'Saki East ', 30),
(651, 'Saki West ', 30),
(652, 'Surulere', 30),
(653, 'Barikin Ladi ', 31),
(654, 'Bassa ', 31),
(655, 'Bokkos ', 31),
(656, 'Jos East ', 31),
(657, 'Jos North ', 31),
(658, 'Jos South ', 31),
(659, 'Kanam ', 31),
(660, 'Kanke ', 31),
(661, 'Langtang North ', 31),
(662, 'Langtang South ', 31),
(663, 'Mangu ', 31),
(664, 'Mikang ', 31),
(665, 'Pankshin ', 31),
(666, 'Qua''an Pan ', 31),
(667, 'Riyom ', 31),
(668, 'Shendam ', 31),
(669, 'Wase', 31),
(670, 'Abua/Odual ', 32),
(671, 'Ahoada East ', 32),
(672, 'Ahoada West ', 32),
(673, 'Akuku Toru ', 32),
(674, 'Andoni ', 32),
(675, 'Asari-Toru ', 32),
(676, 'Bonny ', 32),
(677, 'Degema ', 32),
(678, 'Emohua ', 32),
(679, 'Eleme ', 32),
(680, 'Etche ', 32),
(681, 'Gokana ', 32),
(682, 'Ikwerre ', 32),
(683, 'Khana ', 32),
(684, 'Obia/Akpor ', 32),
(685, 'Ogba/Egbema/Ndoni ', 32),
(686, 'Ogu/Bolo ', 32),
(687, 'Okrika ', 32),
(688, 'Omumma ', 32),
(689, 'Opobo/Nkoro ', 32),
(690, 'Oyigbo ', 32),
(691, 'Port-Harcourt ', 32),
(692, 'Tai ', 32),
(693, 'Binji ', 33),
(694, 'Bodinga ', 33),
(695, 'Dange-shnsi ', 33),
(696, 'Gada ', 33),
(697, 'Goronyo ', 33),
(698, 'Gudu ', 33),
(699, 'Gawabawa ', 33),
(700, 'Illela ', 33),
(701, 'Isa ', 33),
(702, 'Kware ', 33),
(703, 'kebbe ', 33),
(704, 'Rabah ', 33),
(705, 'Sabon birni ', 33),
(706, 'Shagari ', 33),
(707, 'Silame ', 33),
(708, 'Sokoto North ', 33),
(709, 'Sokoto South ', 33),
(710, 'Tambuwal ', 33),
(711, 'Tqngaza ', 33),
(712, 'Tureta ', 33),
(713, 'Wamako ', 33),
(714, 'Wurno ', 33),
(715, 'Yabo', 33),
(716, 'Ardo-kola ', 34),
(717, 'Bali ', 34),
(718, 'Donga ', 34),
(719, 'Gashaka ', 34),
(720, 'Cassol ', 34),
(721, 'Ibi ', 34),
(722, 'Jalingo ', 34),
(723, 'Karin-Lamido ', 34),
(724, 'Kurmi ', 34),
(725, 'Lau ', 34),
(726, 'Sardauna ', 34),
(727, 'Takum ', 34),
(728, 'Ussa ', 34),
(729, 'Wukari ', 34),
(730, 'Yorro ', 34),
(731, 'Zing', 34),
(732, 'Bade ', 35),
(733, 'Bursari ', 35),
(734, 'Damaturu ', 35),
(735, 'Fika ', 35),
(736, 'Fune ', 35),
(737, 'Geidam ', 35),
(738, 'Gujba ', 35),
(739, 'Gulani ', 35),
(740, 'Jakusko ', 35),
(741, 'Karasuwa ', 35),
(742, 'Karawa ', 35),
(743, 'Machina ', 35),
(744, 'Nangere ', 35),
(745, 'Nguru Potiskum ', 35),
(746, 'Tarmua ', 35),
(747, 'Yunusari ', 35),
(748, 'Yusufari', 35),
(749, 'Anka  ', 36),
(750, 'Bakura ', 36),
(751, 'Birnin Magaji ', 36),
(752, 'Bukkuyum ', 36),
(753, 'Bungudu ', 36),
(754, 'Gummi ', 36),
(755, 'Gusau ', 36),
(756, 'Kaura ', 36),
(757, 'Namoda ', 36),
(758, 'Maradun ', 36),
(759, 'Maru ', 36),
(760, 'Shinkafi ', 36),
(761, 'Talata Mafara ', 36),
(762, 'Tsafe ', 36),
(763, 'Zurmi', 36),
(764, 'Gwagwalada ', 37),
(765, 'Kuje ', 37),
(766, ' Abaji ', 37),
(767, ' Abuja Municipal ', 37),
(768, ' Bwari ', 37),
(769, ' Kwali', 37);

-- --------------------------------------------------------

--
-- Table structure for table `medical_specialists`
--

CREATE TABLE IF NOT EXISTS `medical_specialists` (
  `id` int(11) NOT NULL AUTO_INCREMENT,
  `specialist_name` varchar(100) DEFAULT NULL,
  `specialist_hospital_name` varchar(200) DEFAULT NULL,
  `specialist_hostpital_address` text,
  `specialist_contact_gsm` varchar(13) DEFAULT NULL,
  `specialist_email_address` varchar(255) DEFAULT NULL,
  `specialization` varchar(255) DEFAULT NULL,
  `lga_id` int(11) NOT NULL,
  `states_id` int(11) NOT NULL,
  PRIMARY KEY (`id`,`lga_id`,`states_id`),
  KEY `fk_medical_specialists_local_government1_idx` (`lga_id`,`states_id`)
) ENGINE=InnoDB  DEFAULT CHARSET=utf8 AUTO_INCREMENT=3 ;

--
-- Dumping data for table `medical_specialists`
--

INSERT INTO `medical_specialists` (`id`, `specialist_name`, `specialist_hospital_name`, `specialist_hostpital_address`, `specialist_contact_gsm`, `specialist_email_address`, `specialization`, `lga_id`, `states_id`) VALUES
(2, 'Dr. Muffy Jones', 'The Main Hospital', 'Somewhere in the North.', '08059443154', 'muffycompoqm@gmail.com', 'Plastic Surgeon', 175, 9);

-- --------------------------------------------------------

--
-- Table structure for table `profiles`
--

CREATE TABLE IF NOT EXISTS `profiles` (
  `id` int(11) NOT NULL AUTO_INCREMENT,
  `users_id` int(11) NOT NULL DEFAULT '0',
  `surname` varchar(50) DEFAULT NULL,
  `firstname` varchar(50) DEFAULT NULL,
  `gsm` varchar(13) DEFAULT NULL,
  `lga_id` int(11) NOT NULL,
  `states_id` int(11) NOT NULL,
  PRIMARY KEY (`id`,`users_id`,`lga_id`,`states_id`),
  KEY `fk_members_local_government1_idx` (`lga_id`,`states_id`),
  KEY `fk_members_users1_idx` (`users_id`)
) ENGINE=InnoDB  DEFAULT CHARSET=utf8 AUTO_INCREMENT=8 ;

--
-- Dumping data for table `profiles`
--

INSERT INTO `profiles` (`id`, `users_id`, `surname`, `firstname`, `gsm`, `lga_id`, `states_id`) VALUES
(3, 2, 'Johnson', 'Donahue', '08059443164', 175, 9),
(4, 3, 'Onen', 'Ikpi', '08044315489', 175, 9),
(5, 4, 'Onen', 'The', '08044331162', 175, 9),
(6, 5, 'Android', 'Barka', '08033221333', 175, 9),
(7, 6, 'User', 'Demo', '08059443352', 175, 9);

-- --------------------------------------------------------

--
-- Table structure for table `prominent_diseases`
--

CREATE TABLE IF NOT EXISTS `prominent_diseases` (
  `id` int(11) NOT NULL AUTO_INCREMENT,
  `disease_name` varchar(255) DEFAULT NULL,
  `disease_causes` text,
  `disease_prevention` text,
  `disease_cure` text,
  `disease_control` text,
  PRIMARY KEY (`id`)
) ENGINE=InnoDB  DEFAULT CHARSET=utf8 AUTO_INCREMENT=2 ;

--
-- Dumping data for table `prominent_diseases`
--

INSERT INTO `prominent_diseases` (`id`, `disease_name`, `disease_causes`, `disease_prevention`, `disease_cure`, `disease_control`) VALUES
(1, 'Malaria', 'It is spread by the female anopheles mosquito and this occurs when it bites and sucks blood.', 'Take malaria preventive drugs.', 'Not Applicable', 'sleep under mosquito nets and clear the breeding grounds for these mosquitoes.');

-- --------------------------------------------------------

--
-- Table structure for table `states`
--

CREATE TABLE IF NOT EXISTS `states` (
  `id` int(11) NOT NULL AUTO_INCREMENT,
  `states_name` varchar(100) DEFAULT NULL,
  PRIMARY KEY (`id`)
) ENGINE=InnoDB  DEFAULT CHARSET=utf8 AUTO_INCREMENT=38 ;

--
-- Dumping data for table `states`
--

INSERT INTO `states` (`id`, `states_name`) VALUES
(1, 'Abia'),
(2, 'Adamawa'),
(3, 'Akwa-Ibom'),
(4, 'Anambra'),
(5, 'Bauchi'),
(6, 'Bayelsa'),
(7, 'Benue'),
(8, 'Borno'),
(9, 'Cross River'),
(10, 'Delta'),
(11, 'Ebonyi'),
(12, 'Edo'),
(13, 'Ekiti'),
(14, 'Enugu'),
(15, 'Gombe'),
(16, 'Imo'),
(17, 'Jigawa'),
(18, 'Kaduna'),
(19, 'Kano'),
(20, 'Katsina'),
(21, 'Kebbi'),
(22, 'Kogi'),
(23, 'Kwara'),
(24, 'Lagos'),
(25, 'Nasarawa'),
(26, 'Niger'),
(27, 'Ogun'),
(28, 'Ondo'),
(29, 'Osun'),
(30, 'Oyo'),
(31, 'Plateau'),
(32, 'Rivers'),
(33, 'Sokoto'),
(34, 'Taraba'),
(35, 'Yobe'),
(36, 'Zamfara'),
(37, 'FCT');

-- --------------------------------------------------------

--
-- Table structure for table `users`
--

CREATE TABLE IF NOT EXISTS `users` (
  `id` int(11) NOT NULL AUTO_INCREMENT,
  `email` varchar(255) DEFAULT NULL,
  `password` varchar(200) DEFAULT NULL,
  PRIMARY KEY (`id`)
) ENGINE=InnoDB  DEFAULT CHARSET=utf8 AUTO_INCREMENT=7 ;

--
-- Dumping data for table `users`
--

INSERT INTO `users` (`id`, `email`, `password`) VALUES
(2, 'muffycompoqm@hotmail.com', '$2a$08$FzfTyDk/la4/ogcsOkm3EuCiZeMQsNhq3MuiS35hrTTnKkVQd6sDi'),
(3, 'ikpi03@gmail.com', '$2a$08$WmtZ4tgYNkUKO7iy13z5keGCRmuq.4lO0ulAX5PlwFVoRYhVX2.By'),
(4, 'denguru@kiwix.ikpi', '$2a$08$sYi6lA6bzpxKlQemHU62au4ZVT5cakRtkuWeSJ4YyhsaciRupmel2'),
(5, 'barka@login.com', '$2a$08$dTR/ZoF7fVhU0yTVLWtQRODW65CXlas3ICevEcjRHPktJjCR7PuXW'),
(6, 'demo@maomuffy.com', '$2a$08$1K/j7ZimhxYZVqidjHjr8uVH9K4CX2VH46/bd2GfBeWMlP6TJ83R6');

--
-- Constraints for dumped tables
--

--
-- Constraints for table `health_tips`
--
ALTER TABLE `health_tips`
  ADD CONSTRAINT `fk_health_tips_health_tip_categories` FOREIGN KEY (`categories_id`) REFERENCES `health_tip_categories` (`id`) ON DELETE NO ACTION ON UPDATE NO ACTION;

--
-- Constraints for table `local_government`
--
ALTER TABLE `local_government`
  ADD CONSTRAINT `fk_local_government_states1` FOREIGN KEY (`states_id`) REFERENCES `states` (`id`) ON DELETE NO ACTION ON UPDATE NO ACTION;

--
-- Constraints for table `medical_specialists`
--
ALTER TABLE `medical_specialists`
  ADD CONSTRAINT `fk_medical_specialists_local_government1` FOREIGN KEY (`lga_id`, `states_id`) REFERENCES `local_government` (`id`, `states_id`) ON DELETE NO ACTION ON UPDATE NO ACTION;

--
-- Constraints for table `profiles`
--
ALTER TABLE `profiles`
  ADD CONSTRAINT `fk_members_local_government1` FOREIGN KEY (`lga_id`, `states_id`) REFERENCES `local_government` (`id`, `states_id`) ON DELETE NO ACTION ON UPDATE NO ACTION,
  ADD CONSTRAINT `fk_members_users1` FOREIGN KEY (`users_id`) REFERENCES `users` (`id`) ON DELETE NO ACTION ON UPDATE NO ACTION;

/*!40101 SET CHARACTER_SET_CLIENT=@OLD_CHARACTER_SET_CLIENT */;
/*!40101 SET CHARACTER_SET_RESULTS=@OLD_CHARACTER_SET_RESULTS */;
/*!40101 SET COLLATION_CONNECTION=@OLD_COLLATION_CONNECTION */;
